Workbook

Sheet Time_Log
C1: TSP TIME LOG – Registro de tiempos de desarrollo
C2: Gastro-AI · Equipo Ragnar Tech · Monitoreo y control con TSP y GitHub Projects
A3: Proyecto: | C3: GASTRO-AI_USC2026B | D3: Semana / Sprint:
A4: Cómo llenarlo: complete a mano las celdas amarillas (fecha, integrante, etapa, issue o código EDT, actividad, hora de inicio y fin, minutos de interrupción y horas estimadas). Las celdas grises se calculan solas; no las edite. La fila «EJ.» es solo un ejemplo y no se suma en los totales.
A5: N.º | B5: Fecha | C5: Integrante | D5: Etapa | E5: Issue / Código EDT | F5: Actividad | G5: Hora inicio | H5: Hora fin | I5: Minutos de interrupción | J5: Minutos netos | K5: Horas reales | L5: Horas estimadas | M5: Desviación (h) | N5: Observaciones
A6: EJ. | B6: 46321 | C6: Nombre Apellido | D6: Diseño | E6: #12 / 1.3.2.1 | F6: Diagrama de arquitectura en capas | G6: 0.33333333 | H6: 0.4375 | I6: 15 | J6: =IF(OR(G6="",H6=""),"",ROUND((H6-G6)*1440-N(I6),0)) -> 135 | K6: =IF(J6="","",ROUND(J6/60,2)) -> 2.25 | L6: 2.5 | M6: =IF(OR(K6="",L6=""),"",ROUND(K6-L6,2)) -> -0.25 | N6: Incluye reunión de revisión
A7: 1 | J7: =IF(OR(G7="",H7=""),"",ROUND((H7-G7)*1440-N(I7),0)) | K7: =IF(J7="","",ROUND(J7/60,2)) | M7: =IF(OR(K7="",L7=""),"",ROUND(K7-L7,2))
A8: 2 | J8: =IF(OR(G8="",H8=""),"",ROUND((H8-G8)*1440-N(I8),0)) | K8: =IF(J8="","",ROUND(J8/60,2)) | M8: =IF(OR(K8="",L8=""),"",ROUND(K8-L8,2))
A9: 3 | J9: =IF(OR(G9="",H9=""),"",ROUND((H9-G9)*1440-N(I9),0)) | K9: =IF(J9="","",ROUND(J9/60,2)) | M9: =IF(OR(K9="",L9=""),"",ROUND(K9-L9,2))
A10: 4 | J10: =IF(OR(G10="",H10=""),"",ROUND((H10-G10)*1440-N(I10),0)) | K10: =IF(J10="","",ROUND(J10/60,2)) | M10: =IF(OR(K10="",L10=""),"",ROUND(K10-L10,2))
A11: 5 | J11: =IF(OR(G11="",H11=""),"",ROUND((H11-G11)*1440-N(I11),0)) | K11: =IF(J11="","",ROUND(J11/60,2)) | M11: =IF(OR(K11="",L11=""),"",ROUND(K11-L11,2))
A12: 6 | J12: =IF(OR(G12="",H12=""),"",ROUND((H12-G12)*1440-N(I12),0)) | K12: =IF(J12="","",ROUND(J12/60,2)) | M12: =IF(OR(K12="",L12=""),"",ROUND(K12-L12,2))
A13: 7 | J13: =IF(OR(G13="",H13=""),"",ROUND((H13-G13)*1440-N(I13),0)) | K13: =IF(J13="","",ROUND(J13/60,2)) | M13: =IF(OR(K13="",L13=""),"",ROUND(K13-L13,2))
A14: 8 | J14: =IF(OR(G14="",H14=""),"",ROUND((H14-G14)*1440-N(I14),0)) | K14: =IF(J14="","",ROUND(J14/60,2)) | M14: =IF(OR(K14="",L14=""),"",ROUND(K14-L14,2))
A15: 9 | J15: =IF(OR(G15="",H15=""),"",ROUND((H15-G15)*1440-N(I15),0)) | K15: =IF(J15="","",ROUND(J15/60,2)) | M15: =IF(OR(K15="",L15=""),"",ROUND(K15-L15,2))
A16: 10 | J16: =IF(OR(G16="",H16=""),"",ROUND((H16-G16)*1440-N(I16),0)) | K16: =IF(J16="","",ROUND(J16/60,2)) | M16: =IF(OR(K16="",L16=""),"",ROUND(K16-L16,2))
A17: 11 | J17: =IF(OR(G17="",H17=""),"",ROUND((H17-G17)*1440-N(I17),0)) | K17: =IF(J17="","",ROUND(J17/60,2)) | M17: =IF(OR(K17="",L17=""),"",ROUND(K17-L17,2))
A18: 12 | J18: =IF(OR(G18="",H18=""),"",ROUND((H18-G18)*1440-N(I18),0)) | K18: =IF(J18="","",ROUND(J18/60,2)) | M18: =IF(OR(K18="",L18=""),"",ROUND(K18-L18,2))
... A66: 60 | J66: =IF(OR(G66="",H66=""),"",ROUND((H66-G66)*1440-N(I66),0)) | K66: =IF(J66="","",ROUND(J66/60,2)) | M66: =IF(OR(K66="",L66=""),"",ROUND(K66-L66,2))
A67: TOTAL | I67: =SUM(I7:I66) -> 0 | J67: =SUM(J7:J66) -> 0 | K67: =SUM(K7:K66) -> 0 | L67: =SUM(L7:L66) -> 0 | M67: =SUM(M7:M66) -> 0

Sheet Resumen
B1: Resumen de esfuerzo por etapa
B2: Se calcula solo a partir de la hoja Time_Log. No editar.
A5: Etapa | B5: Horas estimadas | C5: Horas reales | D5: Desviación (h) | E5: Minutos de interrupción | F5: Horas reales / estimadas
A6: Análisis/Planeación | B6: =SUMIFS(Time_Log!$L$7:$L$66,Time_Log!$D$7:$D$66,A6) -> 0 | C6: =SUMIFS(Time_Log!$K$7:$K$66,Time_Log!$D$7:$D$66,A6) -> 0 | D6: =C6-B6 -> 0 | E6: =SUMIFS(Time_Log!$I$7:$I$66,Time_Log!$D$7:$D$66,A6) -> 0 | F6: =IF(B6=0,"",C6/B6)
A7: Diseño | B7: =SUMIFS(Time_Log!$L$7:$L$66,Time_Log!$D$7:$D$66,A7) -> 0 | C7: =SUMIFS(Time_Log!$K$7:$K$66,Time_Log!$D$7:$D$66,A7) -> 0 | D7: =C7-B7 -> 0 | E7: =SUMIFS(Time_Log!$I$7:$I$66,Time_Log!$D$7:$D$66,A7) -> 0 | F7: =IF(B7=0,"",C7/B7)
A8: Construcción/Codificación | B8: =SUMIFS(Time_Log!$L$7:$L$66,Time_Log!$D$7:$D$66,A8) -> 0 | C8: =SUMIFS(Time_Log!$K$7:$K$66,Time_Log!$D$7:$D$66,A8) -> 0 | D8: =C8-B8 -> 0 | E8: =SUMIFS(Time_Log!$I$7:$I$66,Time_Log!$D$7:$D$66,A8) -> 0 | F8: =IF(B8=0,"",C8/B8)
A9: Pruebas y Post Mortem | B9: =SUMIFS(Time_Log!$L$7:$L$66,Time_Log!$D$7:$D$66,A9) -> 0 | C9: =SUMIFS(Time_Log!$K$7:$K$66,Time_Log!$D$7:$D$66,A9) -> 0 | D9: =C9-B9 -> 0 | E9: =SUMIFS(Time_Log!$I$7:$I$66,Time_Log!$D$7:$D$66,A9) -> 0 | F9: =IF(B9=0,"",C9/B9)
A10: TOTAL | B10: =SUM(B6:B9) -> 0 | C10: =SUM(C6:C9) -> 0 | D10: =C10-B10 -> 0 | E10: =SUM(E6:E9) -> 0 | F10: =IF(B10=0,"",C10/B10)
A12: Las horas reales salen de la hora de inicio y fin menos las interrupciones. Una desviación positiva indica que se gastó más tiempo del estimado.
